{
    "utterances": [
        {
            "text": "Pause the music",
            "entities": [],
            "traits": [],
            "intent": "pause_song"
        },
        {
            "text": "Play it",
            "entities": [],
            "traits": [],
            "intent": "play_music"
        },
        {
            "text": "Play the music",
            "entities": [],
            "traits": [],
            "intent": "play_music"
        },
        {
            "text": "pause it",
            "entities": [],
            "traits": [],
            "intent": "pause_song"
        },
        {
            "text": "play",
            "entities": [],
            "traits": [],
            "intent": "play_music"
        },
        {
            "text": "start",
            "entities": [],
            "traits": [],
            "intent": "play_music"
        },
        {
            "text": "start the music",
            "entities": [],
            "traits": [],
            "intent": "play_music"
        },
        {
            "text": "stop it",
            "entities": [],
            "traits": [],
            "intent": "pause_song"
        },
        {
            "text": "stop playing",
            "entities": [],
            "traits": [],
            "intent": "pause_song"
        },
        {
            "text": "stop the music",
            "entities": [],
            "traits": [],
            "intent": "pause_song"
        }
    ]
}
