{
    "utterances": [
        {
            "text": "Back",
            "entities": [],
            "traits": [],
            "intent": "previous_song"
        },
        {
            "text": "Forward",
            "entities": [],
            "traits": [],
            "intent": "next_song"
        },
        {
            "text": "Forward song",
            "entities": [],
            "traits": [],
            "intent": "next_song"
        },
        {
            "text": "Last one",
            "entities": [],
            "traits": [],
            "intent": "previous_song"
        },
        {
            "text": "Lat song",
            "entities": [],
            "traits": [],
            "intent": "previous_song"
        },
        {
            "text": "Next",
            "entities": [],
            "traits": [],
            "intent": "next_song"
        },
        {
            "text": "Next one",
            "entities": [],
            "traits": [],
            "intent": "next_song"
        },
        {
            "text": "Pause the music",
            "entities": [],
            "traits": [],
            "intent": "pause_song"
        },
        {
            "text": "Play it",
            "entities": [],
            "traits": [],
            "intent": "play_music"
        },
        {
            "text": "Play next song",
            "entities": [],
            "traits": [],
            "intent": "next_song"
        },
        {
            "text": "Play the last song",
            "entities": [],
            "traits": [],
            "intent": "previous_song"
        },
        {
            "text": "Play the music",
            "entities": [],
            "traits": [],
            "intent": "play_music"
        },
        {
            "text": "Play the previous song",
            "entities": [],
            "traits": [],
            "intent": "previous_song"
        },
        {
            "text": "Previous song",
            "entities": [],
            "traits": [],
            "intent": "previous_song"
        },
        {
            "text": "forward it",
            "entities": [],
            "traits": [],
            "intent": "next_song"
        },
        {
            "text": "next song",
            "entities": [],
            "traits": [],
            "intent": "next_song"
        },
        {
            "text": "pause it",
            "entities": [],
            "traits": [],
            "intent": "pause_song"
        },
        {
            "text": "play",
            "entities": [],
            "traits": [],
            "intent": "play_music"
        },
        {
            "text": "play the last one",
            "entities": [],
            "traits": [],
            "intent": "previous_song"
        },
        {
            "text": "play the next song",
            "entities": [],
            "traits": [],
            "intent": "next_song"
        },
        {
            "text": "start",
            "entities": [],
            "traits": [],
            "intent": "play_music"
        },
        {
            "text": "start the music",
            "entities": [],
            "traits": [],
            "intent": "play_music"
        },
        {
            "text": "stop it",
            "entities": [],
            "traits": [],
            "intent": "pause_song"
        },
        {
            "text": "stop playing",
            "entities": [],
            "traits": [],
            "intent": "pause_song"
        },
        {
            "text": "stop the music",
            "entities": [],
            "traits": [],
            "intent": "pause_song"
        }
    ]
}
