{
    "utterances": [
        {
            "text": "Make the sphere red",
            "entities": [
                {
                    "entity": "color:color",
                    "start": 16,
                    "end": 19,
                    "body": "red",
                    "entities": []
                },
                {
                    "entity": "shape:shape",
                    "start": 9,
                    "end": 16,
                    "body": "sphere ",
                    "entities": []
                }
            ],
            "traits": [],
            "intent": "change_color"
        }
    ]
}
